timestamp(ms),Angle,Pulses,Speed,
"1682138211,183","180",,,
"1682138211,184",,"0","0,08",
"1682138211,19","178,53","-1","134,12",
"1682138211,196","177,06","-2","176,93",
"1682138211,201","175,59","-3","208,68",
"1682138211,205","174,12","-4","236,97",
"1682138211,209","172,65","-5","258",
"1682138211,212","171,18","-6","275,33",
"1682138211,216","169,71","-7","291,72",
"1682138211,219","168,24","-8","312,11",
"1682138211,222","166,78","-9","329,82",
"1682138211,225","165,31","-10","342,94",
"1682138211,227","163,84","-11","359,71",
"1682138211,23","162,37","-12","368,19",
"1682138211,233","160,9","-13","376,51",
"1682138211,235","159,43","-14","384,02",
"1682138211,238","157,96","-15","397,46",
"1682138211,24","156,49","-16","411,86",
"1682138211,243","155,02","-17","418,76",
"1682138211,245","153,55","-18","431,03",
"1682138211,247","152,08","-19","435,54",
"1682138211,25","150,61","-20","437,83",
"1682138211,252","149,14","-21","443,26",
"1682138211,254","147,67","-22","454,55",
"1682138211,256","146,2","-23","466,42",
"1682138211,258","144,73",,,
"1682138211,259",,"-24","469,92",
"1682138211,26","143,27","-25","479,85",
"1682138211,262","141,8",,,
"1682138211,263",,"-26","482,63",
"1682138211,265","140,33","-27","481,7",
"1682138211,267","138,86","-28","484,5",
"1682138211,269","137,39","-29","496,03",
"1682138211,271","135,92","-30","506,07",
"1682138211,273","134,45","-31","507,1",
"1682138211,275","132,98","-32","516,53",
"1682138211,277","131,51","-33","516,53",
"1682138211,279","130,04","-34","515,46",
"1682138211,28","128,57","-35","516,53",
"1682138211,282","127,1","-36","526,32",
"1682138211,284","125,63","-37","535,33",
"1682138211,286","124,16","-38","535,33",
"1682138211,288","122,69","-39","543,48",
"1682138211,29","121,22","-40","542,3",
"1682138211,292","119,75","-41","539,96",
"1682138211,294","118,29","-42","539,96",
"1682138211,295","116,82","-43","549,45",
"1682138211,297","115,35","-44","559,28",
"1682138211,299","113,88","-45","558,04",
"1682138211,301","112,41","-46","565,61",
"1682138211,302","110,94","-47","564,33",
"1682138211,304","109,47","-48","559,28",
"1682138211,306","108","-49","559,28",
"1682138211,308","106,53","-50","568,18",
"1682138211,309","105,06","-51","577,37",
"1682138211,311","103,59","-52","576,04",
"1682138211,313","102,12","-53","582,75",
"1682138211,315","100,65","-54","580,05",
"1682138211,316","99,18","-55","574,71",
"1682138211,318","97,71","-56","574,71",
"1682138211,32","96,24","-57","584,11",
"1682138211,321","94,78","-58","591,02",
"1682138211,323","93,31","-59","589,62",
"1682138211,325","91,84","-60","596,66",
"1682138211,326","90,37","-61","593,82",
"1682138211,328","88,9","-62","588,24",
"1682138211,33","87,43","-63","585,48",
"1682138211,332","85,96","-64","595,24",
"1682138211,333","84,49","-65","603,86",
"1682138211,335","83,02","-66","600,96",
"1682138211,337","81,55","-67","606,8",
"1682138211,338","80,08","-68","603,86",
"1682138211,34","78,61","-69","598,09",
"1682138211,342","77,14","-70","596,66",
"1682138211,343","75,67","-71","603,86",
"1682138211,345","74,2","-72","611,25",
"1682138211,346","72,73","-73","609,76",
"1682138211,348","71,27","-74","614,25",
"1682138211,35","69,8","-75","612,75",
"1682138211,352","68,33","-76","605,33",
"1682138211,353","66,86","-77","603,86",
"1682138211,355","65,39","-78","612,75",
"1682138211,356","63,92","-79","618,81",
"1682138211,358","62,45","-80","617,28",
"1682138211,36","60,98","-81","623,44",
"1682138211,361","59,51","-82","617,28",
"1682138211,363","58,04","-83","612,75",
"1682138211,364","56,57","-84","609,76",
"1682138211,366","55,1","-85","617,28",
"1682138211,368","53,63","-86","626,57",
"1682138211,369","52,16","-87","621,89",
"1682138211,371","50,69","-88","628,14",
"1682138211,372","49,22","-89","625",
"1682138211,374","47,75","-90","617,28",
"1682138211,376","46,29","-91","614,25",
"1682138211,377","44,82","-92","621,89",
"1682138211,379","43,35","-93","632,91",
"1682138211,38","41,88","-94","626,57",
"1682138211,382","40,41","-95","632,91",
"1682138211,384","38,94","-96","629,72",
"1682138211,385","37,47","-97","620,35",
"1682138211,387","36","-98","618,81",
"1682138211,388","34,53","-99","628,14",
"1682138211,39","33,06","-100","634,52",
"1682138211,392","31,59","-101","628,14",
"1682138211,393","30,12","-102","637,76",
"1682138211,395","28,65","-103","631,31",
"1682138211,396","27,18","-104","625",
"1682138211,398","25,71","-105","623,44",
"1682138211,4","24,24","-106","628,14",
"1682138211,401","22,78","-107","637,76",
"1682138211,403","21,31","-108","634,52",
"1682138211,404","19,84","-109","639,39",
"1682138211,406","18,37","-110","634,52",
"1682138211,407","16,9","-111","628,14",
"1682138211,409","15,43","-112","623,44",
"1682138211,411","13,96","-113","632,91",
"1682138211,412","12,49","-114","639,39",
"1682138211,414","11,02","-115","636,13",
"1682138211,415","9,55","-116","641,03",
"1682138211,417","8,08","-117","637,76",
"1682138211,418","6,61","-118","629,72",
"1682138211,42","5,14","-119","626,57",
"1682138211,422","3,67","-120","636,13",
"1682138211,423","2,2","-121","642,67",
"1682138211,425","0,73","-122","637,76",
"1682138211,426","-0,73","-123","644,33",
"1682138211,428","-2,2","-124","639,39",
"1682138211,43","-3,67","-125","632,91",
"1682138211,431","-5,14","-126","629,72",
"1682138211,433","-6,61","-127","637,76",
"1682138211,434","-8,08","-128","642,67",
"1682138211,436","-9,55","-129","641,03",
"1682138211,437","-11,02","-130","645,99",
"1682138211,439","-12,49","-131","641,03",
"1682138211,44","-13,96","-132",,
"1682138211,441",,,"632,91",
"1682138211,442","-15,43","-133","631,31",
"1682138211,444","-16,9","-134","639,39",
"1682138211,445","-18,37","-135","644,33",
"1682138211,447","-19,84","-136","642,67",
"1682138211,448","-21,31","-137","647,67",
"1682138211,45","-22,78","-138","642,67",
"1682138211,451","-24,25","-139","636,13",
"1682138211,453","-25,71","-140","632,91",
"1682138211,455","-27,18","-141","639,39",
"1682138211,456","-28,65","-142","647,67",
"1682138211,458","-30,12","-143","642,67",
"1682138211,459","-31,59","-144","649,35",
"1682138211,461","-33,06","-145","644,33",
"1682138211,462","-34,53","-146","637,76",
"1682138211,464","-36","-147","632,91",
"1682138211,465","-37,47","-148","642,67",
"1682138211,467","-38,94","-149","647,67",
"1682138211,469","-40,41","-150","644,33",
"1682138211,47","-41,88","-151","649,35",
"1682138211,472","-43,35","-152","644,33",
"1682138211,473","-44,82","-153","637,76",
"1682138211,475","-46,29","-154","632,91",
"1682138211,476","-47,76","-155","642,67",
"1682138211,478","-49,22","-156","647,67",
"1682138211,479","-50,69","-157","645,99",
"1682138211,481","-52,16","-158","649,35",
"1682138211,482","-53,63","-159",,
"1682138211,483",,,"647,67",
"1682138211,484","-55,1","-160","637,76",
"1682138211,486","-56,57","-161","634,52",
"1682138211,487","-58,04","-162","642,67",
"1682138211,489","-59,51","-163","651,04",
"1682138211,49","-60,98","-164","644,33",
"1682138211,492","-62,45","-165","652,74",
"1682138211,493","-63,92","-166","645,99",
"1682138211,495","-65,39","-167","637,76",
"1682138211,497","-66,86","-168","636,13",
"1682138211,498","-68,33","-169","642,67",
"1682138211,5","-69,8","-170","649,35",
"1682138211,501","-71,27","-171","645,99",
"1682138211,503","-72,73","-172","651,04",
"1682138211,504","-74,2","-173","645,99",
"1682138211,506","-75,67","-174","637,76",
"1682138211,507","-77,14","-175","634,52",
"1682138211,509","-78,61","-176","642,67",
"1682138211,511","-80,08","-177","651,04",
"1682138211,512","-81,55","-178","645,99",
"1682138211,514","-83,02","-179","651,04",
"1682138211,515","-84,49","-180","647,67",
"1682138211,517","-85,96","-181","639,39",
"1682138211,518","-87,43","-182","636,13",
"1682138211,52","-88,9","-183","644,33",
"1682138211,521","-90,37","-184","651,04",
"1682138211,523","-91,84","-185","645,99",
"1682138211,524","-93,31","-186","652,74",
"1682138211,526","-94,78","-187","647,67",
"1682138211,527","-96,25","-188",,
"1682138211,528",,,"641,03",
"1682138211,529","-97,71","-189","636,13",
"1682138211,531","-99,18","-190","645,99",
"1682138211,532","-100,65","-191","651,04",
"1682138211,534","-102,12","-192","647,67",
"1682138211,535","-103,59","-193","1968,5",
"1682138211,537","-105,06","-194","647,67",
"1682138211,538","-106,53","-195","1865,67",
"1682138211,54","-108","-196","636,13",
"1682138211,542","-109,47","-197","644,33",
"1682138211,543","-110,94","-198","651,04",
"1682138211,545","-112,41","-199","647,67",
"1682138211,546","-113,88","-200","652,74",
"1682138211,548","-115,35","-201","649,35",
"1682138211,549","-116,82","-202","641,03",
"1682138211,551","-118,29","-203","636,13",
"1682138211,552","-119,76","-204","645,99",
"1682138211,554","-121,22","-205","652,74",
"1682138211,555","-122,69","-206","645,99",
"1682138211,557","-124,16","-207","654,45",
"1682138211,558","-125,63","-208","647,67",
"1682138211,56","-127,1","-209","641,03",
"1682138211,562","-128,57","-210","637,76",
"1682138211,563","-130,04","-211","644,33",
"1682138211,565","-131,51","-212","652,74",
"1682138211,566","-132,98","-213","647,67",
"1682138211,568","-134,45","-214","652,74",
"1682138211,569","-135,92","-215","649,35",
"1682138211,571","-137,39","-216","639,39",
"1682138211,572","-138,86","-217","636,13",
"1682138211,574","-140,33","-218","644,33",
"1682138211,576","-141,8","-219","652,74",
"1682138211,577","-143,27","-220","645,99",
"1682138211,579","-144,74","-221","651,04",
"1682138211,58","-146,2","-222","649,35",
"1682138211,582","-147,67","-223","639,39",
"1682138211,583","-149,14","-224","636,13",
"1682138211,585","-150,61","-225","645,99",
"1682138211,586","-152,08","-226","652,74",
"1682138211,588","-153,55","-227","645,99",
"1682138211,589","-155,02",,,
"1682138211,59",,"-228","654,45",
"1682138211,591","-156,49","-229","647,67",
"1682138211,593","-157,96","-230","641,03",
"1682138211,594","-159,43","-231","636,13",
"1682138211,596","-160,9","-232","645,99",
"1682138211,597","-162,37","-233","651,04",
"1682138211,599","-163,84","-234","647,67",
"1682138211,6","-165,31","-235","654,45",
"1682138211,602","-166,78","-236","647,67",
"1682138211,603","-168,25","-237","639,39",
"1682138211,605","-169,71","-238","637,76",
"1682138211,607","-171,18","-239","645,99",
"1682138211,608","-172,65","-240","651,04",
"1682138211,61","-174,12","-241","647,67",
"1682138211,611","-175,59","-242","652,74",
"1682138211,613","-177,06","-243","649,35",
"1682138211,614","-178,53","-244","639,39",
"1682138211,616","-180","-245","637,76",
"1682138211,617","-181,47","-246","645,99",
"1682138211,619","-182,94","-247","652,74",
"1682138211,62","-184,41","-248","649,35",
"1682138211,622","-185,88","-249","652,74",
"1682138211,624","-187,35","-250","649,35",
"1682138211,625","-188,82","-251","641,03",
"1682138211,627","-190,29","-252","637,76",
"1682138211,628","-191,76","-253","645,99",
"1682138211,63","-193,22","-254","652,74",
"1682138211,631","-194,69","-255","647,67",
"1682138211,633","-196,16","-256","654,45",
"1682138211,634","-197,63","-257","649,35",
"1682138211,636","-199,1","-258","641,03",
"1682138211,637","-200,57","-259","637,76",
"1682138211,639","-202,04","-260","645,99",
"1682138211,641","-203,51","-261","652,74",
"1682138211,642","-204,98","-262","647,67",
"1682138211,644","-206,45","-263","654,45",
"1682138211,645","-207,92","-264","647,67",
"1682138211,647","-209,39","-265","641,03",
"1682138211,648","-210,86","-266","637,76",
"1682138211,65","-212,33","-267","645,99",
"1682138211,651","-213,8","-268","652,74",
"1682138211,653","-215,27","-269","649,35",
"1682138211,654","-216,74","-270","652,74",
"1682138211,656","-218,2","-271","651,04",
"1682138211,657","-219,67",,,
"1682138211,658",,"-272","641,03",
"1682138211,659","-221,14","-273","639,39",
"1682138211,661","-222,61","-274","645,99",
"1682138211,662","-224,08","-275","652,74",
"1682138211,664","-225,55","-276","649,35",
"1682138211,665","-227,02","-277","654,45",
"1682138211,667","-228,49","-278","649,35",
"1682138211,668","-229,96","-279","642,67",
"1682138211,67","-231,43","-280","639,39",
"1682138211,671","-232,9",,,
"1682138211,672",,"-281","645,99",
"1682138211,673","-234,37","-282","652,74",
"1682138211,675","-235,84","-283","649,35",
"1682138211,676","-237,31","-284","654,45",
"1682138211,678","-238,78","-285","649,35",
"1682138211,679","-240,25","-286","641,03",
"1682138211,681","-241,71","-287","639,39",
"1682138211,682","-243,18","-288","644,33",
"1682138211,684","-244,65","-289","654,45",
"1682138211,685","-246,12","-290","647,67",
"1682138211,687","-247,59","-291","656,17",
"1682138211,688","-249,06","-292","649,35",
"1682138211,69","-250,53","-293","1879,7",
"1682138211,691","-252",,,
"1682138211,692",,"-294","639,39",
"1682138211,693","-253,47","-295","645,99",
"1682138211,695","-254,94","-296","654,45",
"1682138211,696","-256,41","-297","649,35",
"1682138211,698","-257,88","-298","654,45",
"1682138211,699","-259,35","-299","649,35",
"1682138211,701","-260,82","-300","642,67",
"1682138211,702","-262,29","-301","639,39",
"1682138211,704","-263,76","-302","645,99",
"1682138211,705","-265,23","-303","652,74",
"1682138211,707","-266,69","-304","649,35",
"1682138211,708","-268,16","-305","656,17",
"1682138211,71","-269,63","-306","649,35",
"1682138211,712","-271,1","-307","641,03",
"1682138211,713","-272,57","-308","637,76",
"1682138211,715","-274,04","-309","645,99",
"1682138211,716","-275,51","-310","652,74",
"1682138211,718","-276,98","-311","647,67",
"1682138211,719","-278,45","-312","654,45",
"1682138211,721","-279,92","-313","647,67",
"1682138211,722","-281,39","-314","641,03",
"1682138211,724","-282,86","-315","637,76",
"1682138211,726","-284,33","-316","645,99",
"1682138211,727","-285,8","-317","654,45",
"1682138211,729","-287,27","-318","647,67",
"1682138211,73","-288,74","-319","654,45",
"1682138211,732","-290,2","-320","647,67",
"1682138211,733","-291,67","-321","641,03",
"1682138211,735","-293,14","-322","637,76",
"1682138211,736","-294,61","-323","645,99",
"1682138211,738","-296,08","-324","652,74",
"1682138211,739","-297,55","-325","647,67",
"1682138211,741","-299,02","-326","654,45",
"1682138211,742","-300,49","-327","649,35",
"1682138211,744","-301,96","-328","641,03",
"1682138211,746","-303,43","-329","639,39",
"1682138211,747","-304,9","-330","645,99",
"1682138211,749","-306,37","-331","651,04",
"1682138211,75","-307,84","-332","647,67",
"1682138211,752","-309,31","-333","654,45",
"1682138211,753","-310,78","-334","649,35",
"1682138211,755","-312,25","-335","639,39",
"1682138211,756","-313,72","-336","637,76",
"1682138211,758","-315,18","-337","645,99",
"1682138211,76","-316,65","-338","654,45",
"1682138211,761","-318,12","-339","647,67",
"1682138211,763","-319,59","-340","654,45",
"1682138211,764","-321,06","-341","651,04",
"1682138211,766","-322,53","-342","641,03",
"1682138211,767","-324","-343","639,39",
"1682138211,769","-325,47","-344","645,99",
"1682138211,77","-326,94","-345","652,74",
"1682138211,772","-328,41","-346","1923,08",
"1682138211,773","-329,88","-347","656,17",
"1682138211,775","-331,35","-348","1937,98",
"1682138211,776","-332,82","-349","641,03",
"1682138211,778","-334,29","-350","639,39",
"1682138211,78","-335,76","-351","647,67",
"1682138211,781","-337,23","-352","652,74",
"1682138211,783","-338,69","-353","649,35",
"1682138211,784","-340,16","-354","654,45",
"1682138211,786","-341,63","-355","649,35",
"1682138211,787","-343,1","-356","642,67",
"1682138211,789","-344,57","-357","637,76",
"1682138211,79","-346,04",,,
"1682138211,791",,"-358","647,67",
"1682138211,792","-347,51","-359","652,74",
"1682138211,793","-348,98",,,
"1682138211,794",,"-360","649,35",
"1682138211,795","-350,45","-361","654,45",
"1682138211,797","-351,92","-362","651,04",
"1682138211,798","-353,39","-363","642,67",
"1682138211,8","-354,86","-364","637,76",
"1682138211,801","-356,33","-365","647,67",
"1682138211,803","-357,8","-366","654,45",
"1682138211,804","-359,27","-367","649,35",
"1682138211,806","720,74","-368","656,17",
"1682138211,807","359,27","-369","649,35",
"1682138211,809","357,8","-370","642,67",
"1682138211,81","356,33","-371","639,39",
"1682138211,812","354,86","-372","645,99",
"1682138211,813","353,39",,,
"1682138211,814",,"-373","654,45",
"1682138211,815","351,92","-374","649,35",
"1682138211,817","350,45","-375","656,17",
"1682138211,818","348,98","-376","649,35",
"1682138211,82","347,51","-377","641,03",
"1682138211,821","346,04","-378","639,39",
"1682138211,823","344,57","-379","645,99",
"1682138211,824","343,1","-380","652,74",
"1682138211,826","341,63","-381","647,67",
"1682138211,827","340,16","-382","654,45",
"1682138211,829","338,69","-383","649,35",
"1682138211,83","337,23","-384","641,03",
"1682138211,832","335,76","-385","637,76",
"1682138211,834","334,29","-386","647,67",
"1682138211,835","332,82","-387","652,74",
"1682138211,837","331,35","-388","649,35",
"1682138211,838","329,88","-389","654,45",
"1682138211,84","328,41","-390","651,04",
"1682138211,841","326,94","-391","641,03",
"1682138211,843","325,47","-392","637,76",
"1682138211,844","324","-393","645,99",
"1682138211,846","322,53","-394","652,74",
"1682138211,848","321,06","-395","649,35",
"1682138211,849","319,59","-396","656,17",
"1682138211,851","318,12","-397","649,35",
"1682138211,852","316,65","-398","642,67",
"1682138211,854","315,18","-399","639,39",
"1682138211,855","313,72","-400","645,99",
"1682138211,857","312,25","-401","652,74",
"1682138211,858","310,78","-402","647,67",
"1682138211,86","309,31","-403","654,45",
"1682138211,861","307,84","-404","649,35",
"1682138211,863","306,37","-405","641,03",
"1682138211,864","304,9","-406",,
"1682138211,865",,,"637,76",
"1682138211,866","303,43","-407","645,99",
"1682138211,868","301,96","-408","654,45",
"1682138211,869","300,49","-409","647,67",
"1682138211,871","299,02","-410","654,45",
"1682138211,872","297,55","-411","651,04",
"1682138211,874","296,08","-412","641,03",
"1682138211,875","294,61","-413","639,39",
"1682138211,877","293,14","-414","645,99",
"1682138211,878","291,67","-415","654,45",
"1682138211,88","290,2","-416","649,35",
"1682138211,881","288,74","-417","654,45",
"1682138211,883","287,27","-418","651,04",
"1682138211,885","285,8","-419","642,67",
"1682138211,886","284,33","-420","639,39",
"1682138211,888","282,86","-421","647,67",
"1682138211,889","281,39","-422","654,45",
"1682138211,891","279,92","-423","649,35",
"1682138211,892","278,45","-424","656,17",
"1682138211,894","276,98","-425","649,35",
"1682138211,895","275,51","-426","642,67",
"1682138211,897","274,04","-427","639,39",
"1682138211,898","272,57","-428","645,99",
"1682138211,9","271,1","-429","654,45",
"1682138211,901","269,63","-430","649,35",
"1682138211,903","268,16","-431","654,45",
"1682138211,905","266,69","-432","651,04",
"1682138211,906","265,23","-433","642,67",
"1682138211,908","263,76","-434","639,39",
"1682138211,909","262,29","-435","647,67",
"1682138211,911","260,82","-436","654,45",
"1682138211,912","259,35","-437","651,04",
"1682138211,914","257,88","-438","654,45",
"1682138211,915","256,41","-439","651,04",
"1682138211,917","254,94","-440","642,67",
"1682138211,919","253,47","-441","639,39",
"1682138211,92","252","-442","645,99",
"1682138211,922","250,53","-443","654,45",
"1682138211,923","249,06","-444","651,04",
"1682138211,925","247,59","-445","654,45",
"1682138211,926","246,12","-446","651,04",
"1682138211,928","244,65","-447","642,67",
"1682138211,929","243,18","-448","639,39",
"1682138211,931","241,71","-449","645,99",
"1682138211,932","240,25","-450","652,74",
"1682138211,934","238,78","-451","649,35",
"1682138211,935","237,31","-452","654,45",
"1682138211,937","235,84","-453","649,35",
"1682138211,939","234,37","-454","642,67",
"1682138211,94","232,9","-455","637,76",
"1682138211,942","231,43","-456","645,99",
"1682138211,943","229,96","-457","654,45",
"1682138211,945","228,49","-458","649,35",
"1682138211,946","227,02","-459","656,17",
"1682138211,948","225,55","-460","651,04",
"1682138211,949","224,08","-461","641,03",
"1682138211,951","222,61","-462","639,39",
"1682138211,952","221,14","-463","647,67",
"1682138211,954","219,67","-464","652,74",
"1682138211,955","218,2","-465","651,04",
"1682138211,957","216,74","-466","654,45",
"1682138211,959","215,27","-467","651,04",
"1682138211,96","213,8","-468","642,67",
"1682138211,962","212,33","-469","639,39",
"1682138211,963","210,86","-470","647,67",
"1682138211,965","209,39","-471","654,45",
"1682138211,966","207,92","-472","649,35",
"1682138211,968","206,45","-473","654,45",
"1682138211,969","204,98","-474","649,35",
"1682138211,971","203,51","-475","642,67",
"1682138211,973","202,04","-476","639,39",
"1682138211,974","200,57","-477","645,99",
"1682138211,976","199,1","-478","654,45",
"1682138211,977","197,63","-479","649,35",
"1682138211,979","196,16","-480","654,45",
"1682138211,98","194,69","-481","652,74",
"1682138211,982","193,22","-482","641,03",
"1682138211,983","191,76","-483","641,03",
"1682138211,985","190,29","-484","647,67",
"1682138211,986","188,82","-485","654,45",
"1682138211,988","187,35","-486","649,35",
"1682138211,989","185,88","-487","656,17",
"1682138211,991","184,41","-488","651,04",
"1682138211,992","182,94","-489","641,03",
"1682138211,994","181,47","-490","641,03",
"1682138211,996","180","-491","647,67",
"1682138211,997","178,53","-492","654,45",
"1682138211,999","177,06","-493","651,04",
"1682138212","175,59","-494","656,17",
"1682138212,002","174,12","-495","651,04",
"1682138212,003","172,65","-496","641,03",
"1682138212,005","171,18","-497","641,03",
"1682138212,006","169,71","-498",,
"1682138212,007",,,"645,99",
"1682138212,008","168,25","-499","654,45",
"1682138212,01","166,78","-500","649,35",
"1682138212,011","165,31","-501","654,45",
"1682138212,013","163,84","-502","649,35",
"1682138212,014","162,37","-503","642,67",
"1682138212,016","160,9","-504","639,39",
"1682138212,017","159,43","-505","647,67",
"1682138212,019","157,96","-506","654,45",
"1682138212,02","156,49","-507","651,04",
"1682138212,022","155,02","-508","656,17",
"1682138212,024","153,55","-509","651,04",
"1682138212,025","152,08","-510","642,67",
"1682138212,027","150,61","-511","639,39",
"1682138212,028","149,14","-512","647,67",
"1682138212,03","147,67","-513","652,74",
"1682138212,031","146,2","-514","651,04",
"1682138212,033","144,74","-515","656,17",
"1682138212,034","143,27","-516","651,04",
"1682138212,036","141,8","-517","642,67",
"1682138212,037","140,33","-518","639,39",
"1682138212,039","138,86","-519","647,67",
"1682138212,04","137,39","-520","652,74",
"1682138212,042","135,92","-521","649,35",
"1682138212,043","134,45","-522","654,45",
"1682138212,045","132,98","-523","649,35",
"1682138212,047","131,51","-524","641,03",
"1682138212,048","130,04","-525","637,76",
"1682138212,05","128,57","-526","645,99",
"1682138212,051","127,1","-527","654,45",
"1682138212,053","125,63","-528","647,67",
"1682138212,054","124,16","-529","654,45",
"1682138212,056","122,69","-530","649,35",
"1682138212,057","121,22","-531","642,67",
"1682138212,059","119,76","-532","637,76",
"1682138212,06","118,29","-533","645,99",
"1682138212,062","116,82","-534","652,74",
"1682138212,063","115,35","-535","647,67",
"1682138212,065","113,88","-536","654,45",
"1682138212,067","112,41","-537","649,35",
"1682138212,068","110,94","-538","641,03",
"1682138212,07","109,47","-539","639,39",
"1682138212,071","108","-540","645,99",
"1682138212,073","106,53","-541","652,74",
"1682138212,074","105,06","-542","649,35",
"1682138212,076","103,59","-543","654,45",
"1682138212,078","102,12","-544","649,35",
"1682138212,079","100,65","-545","641,03",
"1682138212,081","99,18","-546","637,76",
"1682138212,082","97,71","-547","645,99",
"1682138212,084","96,25","-548","652,74",
"1682138212,085","94,78","-549","647,67",
"1682138212,087","93,31","-550","654,45",
"1682138212,088","91,84","-551","649,35",
"1682138212,09","90,37","-552","642,67",
"1682138212,091","88,9","-553","637,76",
"1682138212,093","87,43","-554","645,99",
"1682138212,094","85,96","-555","654,45",
"1682138212,096","84,49","-556","647,67",
"1682138212,097","83,02","-557","656,17",
"1682138212,099","81,55","-558","645,99",
"1682138212,101","80,08","-559","644,33",
"1682138212,102","78,61","-560","637,76",
"1682138212,104","77,14","-561","647,67",
"1682138212,105","75,67","-562","652,74",
"1682138212,107","74,2","-563","649,35",
"1682138212,108","72,73","-564","654,45",
"1682138212,11","71,27","-565","649,35",
"1682138212,111","69,8","-566","642,67",
"1682138212,113","68,33","-567","637,76",
"1682138212,114","66,86","-568","645,99",
"1682138212,116","65,39","-569","652,74",
"1682138212,118","63,92","-570","647,67",
"1682138212,119","62,45","-571","654,45",
"1682138212,121","60,98","-572","649,35",
"1682138212,122","59,51","-573","641,03",
"1682138212,124","58,04","-574","637,76",
"1682138212,125","56,57","-575","647,67",
"1682138212,127","55,1","-576","652,74",
"1682138212,128","53,63","-577","649,35",
"1682138212,13","52,16","-578","656,17",
"1682138212,132","50,69","-579","649,35",
"1682138212,133","49,22","-580","642,67",
"1682138212,135","47,76","-581","637,76",
"1682138212,136","46,29","-582","645,99",
"1682138212,138","44,82","-583","654,45",
"1682138212,139","43,35","-584","649,35",
"1682138212,141","41,88","-585","654,45",
"1682138212,142","40,41","-586","651,04",
"1682138212,144","38,94","-587","641,03",
"1682138212,145","37,47","-588","639,39",
"1682138212,147","36","-589","647,67",
"1682138212,149","34,53","-590","652,74",
"1682138212,15","33,06","-591","647,67",
"1682138212,151","31,59",,,
"1682138212,152",,"-592","654,45",
"1682138212,153","30,12","-593","651,04",
"1682138212,155","28,65","-594","641,03",
"1682138212,156","27,18","-595","637,76",
"1682138212,158","25,71","-596","645,99",
"1682138212,159","24,25","-597","654,45",
"1682138212,161","22,78","-598","647,67",
"1682138212,162","21,31","-599","656,17",
"1682138212,164","19,84","-600","649,35",
"1682138212,165","18,37","-601","642,67",
"1682138212,167","16,9","-602","639,39",
"1682138212,168","15,43","-603","647,67",
"1682138212,17","13,96","-604","652,74",
"1682138212,172","12,49","-605","649,35",
"1682138212,173","11,02","-606","656,17",
"1682138212,175","9,55","-607","651,04",
"1682138212,176","8,08","-608","642,67",
"1682138212,178","6,61","-609","639,39",
"1682138212,179","5,14","-610","647,67",
"1682138212,181","3,67","-611","654,45",
"1682138212,182","2,2","-612","649,35",
"1682138212,184","0,73","-613","656,17",
"1682138212,185","-0,73","-614","649,35",
"1682138212,187","-2,2","-615","642,67",
"1682138212,188","-3,67",,,
"1682138212,189",,"-616","639,39",
"1682138212,19","-5,14","-617","645,99",
"1682138212,192","-6,61","-618","654,45",
"1682138212,193","-8,08","-619","649,35",
"1682138212,195","-9,55","-620","656,17",
"1682138212,196","-11,02","-621","651,04",
"1682138212,198","-12,49","-622","642,67",
"1682138212,199","-13,96","-623","639,39",
"1682138212,201","-15,43","-624","647,67",
"1682138212,203","-16,9","-625","654,45",
"1682138212,205","-18,37","-626","651,04",
"1682138212,206","-19,84","-627","654,45",
"1682138212,207","-21,31","-628","652,74",
"1682138212,209","-22,78","-629","642,67",
"1682138212,21","-24,24","-630","639,39",
"1682138212,212","-25,71","-631","647,67",
"1682138212,213","-27,18","-632","652,74",
"1682138212,215","-28,65","-633","651,04",
"1682138212,216","-30,12","-634","656,17",
"1682138212,218","-31,59","-635","651,04",
"1682138212,219","-33,06","-636","644,33",
"1682138212,221","-34,53","-637","639,39",
"1682138212,222","-36","-638","647,67",
"1682138212,224","-37,47","-639","652,74",
"1682138212,226","-38,94","-640","649,35",
"1682138212,227","-40,41","-641","656,17",
"1682138212,229","-41,88","-642","649,35",
"1682138212,23","-43,35","-643","642,67",
"1682138212,232","-44,82","-644","639,39",
"1682138212,233","-46,29","-645","647,67",
"1682138212,235","-47,75","-646","654,45",
"1682138212,236","-49,22","-647","649,35",
"1682138212,238","-50,69","-648","656,17",
"1682138212,239","-52,16","-649","651,04",
"1682138212,241","-53,63","-650","642,67",
"1682138212,242","-55,1",,,
"1682138212,243",,"-651","639,39",
"1682138212,244","-56,57","-652","647,67",
"1682138212,246","-58,04","-653","654,45",
"1682138212,248","-59,51","-654","651,04",
"1682138212,249","-60,98","-655","654,45",
"1682138212,25","-62,45","-656","651,04",
"1682138212,252","-63,92","-657","644,33",
"1682138212,253","-65,39","-658","639,39",
"1682138212,255","-66,86","-659","647,67",
"1682138212,256","-68,33","-660","654,45",
"1682138212,258","-69,8","-661","651,04",
"1682138212,259","-71,27",,,
"1682138212,26",,"-662","654,45",
"1682138212,261","-72,73","-663","651,04",
"1682138212,263","-74,2","-664","642,67",
"1682138212,264","-75,67","-665","639,39",
"1682138212,266","-77,14","-666","647,67",
"1682138212,267","-78,61",,,
"1682138212,268",,"-667","652,74",
"1682138212,269","-80,08","-668","649,35",
"1682138212,27","-81,55","-669","656,17",
"1682138212,272","-83,02","-670","649,35",
"1682138212,273","-84,49","-671","642,67",
"1682138212,275","-85,96","-672","639,39",
"1682138212,276","-87,43","-673","647,67",
"1682138212,278","-88,9","-674","654,45",
"1682138212,28","-90,37","-675","649,35",
"1682138212,281","-91,84","-676","656,17",
"1682138212,283","-93,31","-677","649,35",
"1682138212,284","-94,78","-678","642,67",
"1682138212,286","-96,24","-679","639,39",
"1682138212,287","-97,71","-680","647,67",
"1682138212,289","-99,18","-681","652,74",
"1682138212,29","-100,65","-682","651,04",
"1682138212,292","-102,12","-683","654,45",
"1682138212,293","-103,59","-684","651,04",
"1682138212,295","-105,06","-685","642,67",
"1682138212,297","-106,53","-686","637,76",
"1682138212,298","-108","-687","645,99",
"1682138212,3","-109,47","-688","652,74",
"1682138212,301","-110,94","-689","649,35",
"1682138212,303","-112,41","-690","652,74",
"1682138212,304","-113,88","-691","651,04",
"1682138212,306","-115,35","-692","641,03",
"1682138212,307","-116,82","-693","639,39",
"1682138212,309","-118,29","-694","645,99",
"1682138212,311","-119,75","-695","654,45",
"1682138212,312","-121,22","-696","649,35",
"1682138212,313","-122,69","-697","654,45",
"1682138212,315","-124,16","-698","651,04",
"1682138212,317","-125,63","-699","642,67",
"1682138212,318","-127,1","-700","639,39",
"1682138212,321","-130,04","-702","654,45",
"1682138212,323","-131,51","-703","1937,98",
"1682138212,324","-132,98","-704","654,45",
"1682138212,326","-134,45","-705","1953,13",
"1682138212,328","-135,92","-706","642,67",
"1682138212,329","-137,39","-707","639,39",
"1682138212,331","-138,86","-708","647,67",
"1682138212,332","-140,33","-709","652,74",
"1682138212,334","-141,8","-710","649,35",
"1682138212,335","-143,27","-711","654,45",
"1682138212,337","-144,73","-712","649,35",
"1682138212,338","-146,2","-713","642,67",
"1682138212,34","-147,67","-714","637,76",
"1682138212,341","-149,14","-715","647,67",
"1682138212,343","-150,61","-716","652,74",
"1682138212,344","-152,08","-717","649,35",
"1682138212,346","-153,55","-718","654,45",
"1682138212,348","-155,02","-719","651,04",
"1682138212,349","-156,49","-720","642,67",
"1682138212,351","-157,96","-721","637,76",
"1682138212,352","-159,43","-722","647,67",
"1682138212,354","-160,9","-723","652,74",
"1682138212,355","-162,37","-724","649,35",
"1682138212,357","-163,84","-725","656,17",
"1682138212,358","-165,31","-726","649,35",
"1682138212,36","-166,78","-727","641,03",
"1682138212,361","-168,24","-728","639,39",
"1682138212,363","-169,71","-729","647,67",
"1682138212,364","-171,18","-730","652,74",
"1682138212,366","-172,65","-731","649,35",
"1682138212,368","-174,12","-732","654,45",
"1682138212,369","-175,59","-733","649,35",
"1682138212,371","-177,06","-734","641,03",
"1682138212,372","-178,53","-735","637,76",
"1682138212,374","-180","-736","645,99",
"1682138212,375","-181,47","-737","652,74",
"1682138212,377","-182,94","-738","647,67",
"1682138212,378","-184,41","-739","652,74",
"1682138212,38","-185,88","-740","649,35",
"1682138212,381","-187,35","-741","641,03",
"1682138212,383","-188,82","-742","637,76",
"1682138212,385","-190,29","-743","647,67",
"1682138212,386","-191,76","-744","652,74",
"1682138212,388","-193,22","-745","649,35",
"1682138212,389","-194,69","-746","652,74",
"1682138212,391","-196,16","-747","649,35",
"1682138212,392","-197,63","-748","641,03",
"1682138212,394","-199,1","-749","639,39",
"1682138212,396","-200,57","-750","645,99",
"1682138212,397","-202,04","-751","652,74",
"1682138212,398","-203,51","-752","649,35",
"1682138212,4","-204,98","-753","654,45",
"1682138212,402","-206,45","-754","649,35",
"1682138212,403","-207,92","-755","641,03",
"1682138212,405","-209,39","-756","639,39",
"1682138212,406","-210,86","-757","644,33",
"1682138212,408","-212,33","-758","652,74",
"1682138212,409","-213,8","-759","647,67",
"1682138212,411","-215,27","-760","654,45",
"1682138212,412","-216,73","-761","649,35",
"1682138212,414","-218,2","-762","641,03",
"1682138212,415","-219,67","-763","637,76",
"1682138212,417","-221,14","-764","645,99",
"1682138212,419","-222,61","-765","654,45",
"1682138212,42","-224,08","-766","649,35",
"1682138212,422","-225,55","-767","654,45",
"1682138212,424","-227,02","-768","649,35",
"1682138212,425","-228,49","-769","642,67",
"1682138212,426","-229,96","-770","639,39",
"1682138212,428","-231,43","-771","645,99",
"1682138212,429","-232,9","-772","652,74",
"1682138212,431","-234,37","-773","651,04",
"1682138212,432","-235,84","-774","654,45",
"1682138212,434","-237,31","-775","651,04",
"1682138212,435","-238,78","-776","642,67",
"1682138212,437","-240,25","-777","639,39",
"1682138212,439","-241,71","-778","645,99",
"1682138212,44","-243,18","-779","654,45",
"1682138212,442","-244,65","-780","649,35",
"1682138212,443","-246,12","-781","654,45",
"1682138212,445","-247,59","-782","651,04",
"1682138212,446","-249,06","-783","641,03",
"1682138212,448","-250,53","-784","637,76",
"1682138212,449","-252","-785","647,67",
"1682138212,451","-253,47","-786","654,45",
"1682138212,453","-254,94","-787","649,35",
"1682138212,454","-256,41","-788","656,17",
"1682138212,456","-257,88","-789","651,04",
"1682138212,457","-259,35","-790","642,67",
"1682138212,459","-260,82","-791","639,39",
"1682138212,46","-262,29","-792","647,67",
"1682138212,462","-263,76","-793","654,45",
"1682138212,463","-265,22","-794","649,35",
"1682138212,465","-266,69","-795","656,17",
"1682138212,466","-268,16","-796","651,04",
"1682138212,468","-269,63","-797","642,67",
"1682138212,47","-271,1","-798","639,39",
"1682138212,471","-272,57","-799","647,67",
"1682138212,473","-274,04","-800","654,45",
"1682138212,474","-275,51","-801","649,35",
"1682138212,476","-276,98","-802","656,17",
"1682138212,477","-278,45","-803","651,04",
"1682138212,479","-279,92","-804","642,67",
"1682138212,48","-281,39","-805","637,76",
"1682138212,482","-282,86","-806","647,67",
"1682138212,483","-284,33","-807","652,74",
"1682138212,485","-285,8","-808","647,67",
"1682138212,486","-287,27","-809","656,17",
"1682138212,488","-288,73","-810","649,35",
"1682138212,489","-290,2",,,
"1682138212,49",,"-811","642,67",
"1682138212,491","-291,67","-812","639,39",
"1682138212,493","-293,14","-813","645,99",
"1682138212,494","-294,61","-814","654,45",
"1682138212,496","-296,08","-815","651,04",
"1682138212,497","-297,55","-816","654,45",
"1682138212,499","-299,02","-817","651,04",
"1682138212,5","-300,49","-818","642,67",
"1682138212,502","-301,96","-819","637,76",
"1682138212,503","-303,43","-820","647,67",
"1682138212,505","-304,9","-821","652,74",
"1682138212,506","-306,37","-822","651,04",
"1682138212,508","-307,84","-823","656,17",
"1682138212,51","-309,31","-824","651,04",
"1682138212,511","-310,78","-825","641,03",
"1682138212,513","-312,25","-826","641,03",
"1682138212,514","-313,71","-827","645,99",
"1682138212,516","-315,18","-828","654,45",
"1682138212,517","-316,65","-829","649,35",
"1682138212,519","-318,12","-830","654,45",
"1682138212,52","-319,59","-831","649,35",
"1682138212,522","-321,06","-832","641,03",
"1682138212,523","-322,53","-833","639,39",
"1682138212,525","-324","-834","645,99",
"1682138212,527","-325,47","-835","654,45",
"1682138212,528","-326,94","-836","649,35",
"1682138212,53","-328,41","-837","656,17",
"1682138212,531","-329,88","-838","651,04",
"1682138212,533","-331,35","-839","642,67",
"1682138212,534","-332,82","-840","639,39",
"1682138212,536","-334,29","-841","647,67",
"1682138212,537","-335,76","-842","654,45",
"1682138212,539","-337,22","-843","649,35",
"1682138212,54","-338,69","-844","656,17",
"1682138212,542","-340,16","-845","651,04",
"1682138212,543","-341,63","-846","642,67",
"1682138212,545","-343,1","-847","641,03",
"1682138212,547","-344,57","-848","647,67",
"1682138212,548","-346,04","-849","654,45",
"1682138212,55","-347,51","-850","651,04",
"1682138212,551","-348,98","-851","656,17",
"1682138212,553","-350,45","-852","649,35",
"1682138212,554","-351,92","-853","642,67",
"1682138212,556","-353,39","-854","639,39",
"1682138212,557","-354,86","-855","645,99",
"1682138212,559","-356,33","-856","656,17",
"1682138212,56","-357,8","-857","649,35",
"1682138212,562","-359,27","-858","656,17",
"1682138212,563","720,74","-859","651,04",
"1682138212,565","359,27","-860","642,67",
"1682138212,567","357,8","-861","639,39",
"1682138212,568","356,33","-862","649,35",
"1682138212,57","354,86","-863","654,45",
"1682138212,571","353,39","-864","651,04",
"1682138212,573","351,92","-865","656,17",
"1682138212,574","350,45","-866","651,04",
"1682138212,576","348,98","-867","642,67",
"1682138212,577","347,51","-868","639,39",
"1682138212,579","346,04","-869","647,67",
"1682138212,58","344,57","-870","654,45",
"1682138212,582","343,1","-871","651,04",
"1682138212,584","341,63","-872","656,17",
"1682138212,585","340,16","-873","651,04",
"1682138212,587","338,69","-874","644,33",
"1682138212,588","337,22","-875","639,39",
"1682138212,59","335,76","-876","647,67",
"1682138212,591","334,29","-877","654,45",
"1682138212,593","332,82","-878","649,35",
"1682138212,594","331,35","-879","654,45",
"1682138212,596","329,88","-880","651,04",
"1682138212,597","328,41","-881","642,67",
"1682138212,599","326,94","-882","639,39",
"1682138212,601","325,47","-883","647,67",
"1682138212,602","324","-884","654,45",
"1682138212,604","322,53","-885","649,35",
"1682138212,605","321,06","-886","656,17",
"1682138212,607","319,59","-887","652,74",
"1682138212,608","318,12","-888","642,67",
"1682138212,61","316,65","-889","639,39",
"1682138212,611","315,18","-890","647,67",
"1682138212,613","313,71","-891","654,45",
"1682138212,614","312,25","-892","651,04",
"1682138212,616","310,78","-893","654,45",
"1682138212,617","309,31","-894","651,04",
"1682138212,619","307,84","-895","644,33",
"1682138212,621","306,37","-896","639,39",
"1682138212,622","304,9","-897","647,67",
"1682138212,624","303,43","-898","654,45",
"1682138212,625","301,96","-899","649,35",
"1682138212,627","300,49","-900","656,17",
"1682138212,628","299,02","-901","649,35",
"1682138212,63","297,55","-902","641,03",
"1682138212,631","296,08","-903","639,39",
"1682138212,633","294,61","-904","645,99",
"1682138212,634","293,14","-905","654,45",
"1682138212,636","291,67","-906","647,67",
"1682138212,637","290,2",,,
"1682138212,638",,"-907","654,45",
"1682138212,639","288,73","-908","651,04",
"1682138212,641","287,27","-909","641,03",
"1682138212,642","285,8","-910","637,76",
"1682138212,644","284,33","-911","647,67",
"1682138212,645","282,86","-912","652,74",
"1682138212,647","281,39","-913","649,35",
"1682138212,648","279,92","-914","654,45",
"1682138212,65","278,45","-915","649,35",
"1682138212,651","276,98","-916","642,67",
"1682138212,653","275,51","-917","637,76",
"1682138212,654","274,04",,,
"1682138212,655",,"-918","645,99",
"1682138212,656","272,57","-919","654,45",
"1682138212,658","271,1","-920","649,35",
"1682138212,659","269,63","-921","654,45",
"1682138212,661","268,16","-922","649,35",
"1682138212,662","266,69","-923","642,67",
"1682138212,664","265,22","-924","637,76",
"1682138212,665","263,76","-925","645,99",
"1682138212,667","262,29","-926","652,74",
"1682138212,668","260,82","-927","647,67",
"1682138212,67","259,35","-928","654,45",
"1682138212,671","257,88","-929","649,35",
"1682138212,673","256,41","-930","641,03",
"1682138212,675","254,94","-931","637,76",
"1682138212,676","253,47","-932","647,67",
"1682138212,678","252","-933","654,45",
"1682138212,679","250,53","-934","649,35",
"1682138212,681","249,06","-935","654,45",
"1682138212,682","247,59","-936","651,04",
"1682138212,684","246,12","-937","642,67",
"1682138212,685","244,65","-938","637,76",
"1682138212,687","243,18","-939","647,67",
"1682138212,688","241,71","-940","652,74",
"1682138212,69","240,25","-941","651,04",
"1682138212,692","238,78","-942","654,45",
"1682138212,693","237,31","-943","651,04",
"1682138212,695","235,84","-944","642,67",
"1682138212,696","234,37","-945","639,39",
"1682138212,698","232,9","-946","645,99",
"1682138212,699","231,43","-947","654,45",
"1682138212,701","229,96","-948","649,35",
"1682138212,702","228,49","-949","654,45",
"1682138212,704","227,02","-950","649,35",
"1682138212,706","225,55","-951","642,67",
"1682138212,707","224,08","-952","639,39",
"1682138212,709","222,61","-953","645,99",
"1682138212,71","221,14","-954","654,45",
"1682138212,712","219,67","-955","649,35",
"1682138212,713","218,2","-956","656,17",
"1682138212,715","216,73","-957","651,04",
"1682138212,716","215,27","-958","642,67",
"1682138212,718","213,8","-959","639,39",
"1682138212,719","212,33","-960","647,67",
"1682138212,721","210,86","-961","654,45",
"1682138212,722","209,39","-962","649,35",
"1682138212,724","207,92","-963","656,17",
"1682138212,725","206,45","-964","651,04",
"1682138212,727","204,98","-965","642,67",
"1682138212,729","203,51","-966","641,03",
"1682138212,73","202,04","-967","645,99",
"1682138212,732","200,57","-968","654,45",
"1682138212,733","199,1","-969","651,04",
"1682138212,735","197,63","-970","656,17",
"1682138212,736","196,16","-971","649,35",
"1682138212,738","194,69","-972","642,67",
"1682138212,739","193,22","-973","639,39",
"1682138212,741","191,76","-974","645,99",
"1682138212,742","190,29","-975","654,45",
"1682138212,744","188,82","-976","649,35",
"1682138212,745","187,35",,,
"1682138212,746",,"-977","654,45",
"1682138212,747","185,88","-978","651,04",
"1682138212,749","184,41","-979","642,67",
"1682138212,75","182,94","-980","639,39",
"1682138212,752","181,47","-981","647,67",
"1682138212,753","180","-982","654,45",
"1682138212,755","178,53","-983","649,35",
"1682138212,756","177,06","-984","656,17",
"1682138212,758","175,59","-985","651,04",
"1682138212,759","174,12","-986","642,67",
"1682138212,761","172,65","-987","639,39",
"1682138212,763","171,18","-988","647,67",
"1682138212,764","169,71","-989","654,45",
"1682138212,766","168,24","-990","651,04",
"1682138212,767","166,78","-991","656,17",
"1682138212,769","165,31","-992","651,04",
"1682138212,77","163,84","-993","642,67",
"1682138212,772","162,37","-994","639,39",
"1682138212,773","160,9","-995","647,67",
"1682138212,775","159,43","-996","654,45",
"1682138212,776","157,96","-997","649,35",
"1682138212,778","156,49","-998","656,17",
"1682138212,779","155,02","-999","649,35",
"1682138212,781","153,55","-1000","642,67",
"1682138212,783","152,08","-1001","1851,85",
"1682138212,784","150,61","-1002","647,67",
"1682138212,786","149,14","-1003","654,45",
"1682138212,787","147,67","-1004","651,04",
"1682138212,789","146,2","-1005","656,17",
"1682138212,79","144,73","-1006","651,04",
"1682138212,792","143,27","-1007","1893,94",
"1682138212,793","141,8","-1008","639,39",
"1682138212,795","140,33","-1009","649,35",
"1682138212,796","138,86","-1010","654,45",
"1682138212,798","137,39","-1011","649,35",
"1682138212,8","135,92","-1012","656,17",
"1682138212,801","134,45","-1013","651,04",
"1682138212,803","132,98","-1014","644,33",
"1682138212,804","131,51","-1015","641,03",
"1682138212,806","130,04","-1016","647,67",
"1682138212,807","128,57","-1017","654,45",
"1682138212,809","127,1","-1018","651,04",
"1682138212,81","125,63","-1019","657,89",
"1682138212,812","124,16","-1020","651,04",
"1682138212,813","122,69","-1021","642,67",
"1682138212,815","121,22","-1022","639,39",
"1682138212,817","119,76","-1023","647,67",
"1682138212,818","118,29","-1024","654,45",
"1682138212,82","116,82","-1025","651,04",
"1682138212,821","115,35","-1026","654,45",
"1682138212,823","113,88","-1027","652,74",
"1682138212,824","112,41","-1028","644,33",
"1682138212,826","110,94","-1029","639,39",
"1682138212,827","109,47","-1030","649,35",
"1682138212,829","108","-1031","656,17",
"1682138212,83","106,53","-1032","651,04",
"1682138212,832","105,06","-1033","656,17",
"1682138212,833","103,59","-1034","651,04",
"1682138212,835","102,12","-1035","644,33",
"1682138212,836","100,65","-1036",,
"1682138212,837",,,"639,39",
"1682138212,838","99,18","-1037","649,35",
"1682138212,84","97,71","-1038","654,45",
"1682138212,841","96,24","-1039","651,04",
"1682138212,843","94,78","-1040","657,89",
"1682138212,844","93,31","-1041","651,04",
"1682138212,846","91,84","-1042","644,33",
"1682138212,847","90,37","-1043","639,39",
"1682138212,849","88,9","-1044","647,67",
"1682138212,85","87,43","-1045","654,45",
"1682138212,852","85,96","-1046","651,04",
"1682138212,853","84,49","-1047","654,45",
"1682138212,855","83,02","-1048","651,04",
"1682138212,856","81,55","-1049","642,67",
"1682138212,858","80,08","-1050","639,39",
"1682138212,86","78,61","-1051","649,35",
"1682138212,861","77,14","-1052","654,45",
"1682138212,863","75,67","-1053","651,04",
"1682138212,864","74,2","-1054","656,17",
"1682138212,866","72,73","-1055","651,04",
"1682138212,867","71,27","-1056","644,33",
"1682138212,869","69,8","-1057","639,39",
"1682138212,87","68,33","-1058","647,67",
"1682138212,872","66,86","-1059","654,45",
"1682138212,873","65,39","-1060","649,35",
"1682138212,875","63,92","-1061","656,17",
"1682138212,876","62,45","-1062","651,04",
"1682138212,878","60,98","-1063","644,33",
"1682138212,88","59,51","-1064","639,39",
"1682138212,881","58,04","-1065","647,67",
"1682138212,883","56,57","-1066","654,45",
"1682138212,884","55,1","-1067","649,35",
"1682138212,886","53,63","-1068","656,17",
"1682138212,887","52,16","-1069","649,35",
"1682138212,889","50,69","-1070","642,67",
"1682138212,89","49,22","-1071","639,39",
"1682138212,892","47,75","-1072","645,99",
"1682138212,893","46,29","-1073","654,45",
"1682138212,895","44,82","-1074","649,35",
"1682138212,897","43,35","-1075","654,45",
"1682138212,898","41,88","-1076","651,04",
"1682138212,9","40,41","-1077","642,67",
"1682138212,901","38,94","-1078","639,39",
"1682138212,903","37,47","-1079","647,67",
"1682138212,904","36","-1080","654,45",
"1682138212,906","34,53","-1081","649,35",
"1682138212,907","33,06","-1082","656,17",
"1682138212,909","31,59","-1083","651,04",
"1682138212,91","30,12","-1084","642,67",
"1682138212,912","28,65","-1085","639,39",
"1682138212,914","27,18","-1086","647,67",
"1682138212,915","25,71","-1087","654,45",
"1682138212,917","24,24","-1088","649,35",
"1682138212,918","22,78","-1089","656,17",
"1682138212,92","21,31","-1090","651,04",
"1682138212,921","19,84","-1091","642,67",
"1682138212,923","18,37","-1092","639,39",
"1682138212,924","16,9","-1093","647,67",
"1682138212,926","15,43","-1094","652,74",
"1682138212,927","13,96","-1095","649,35",
"1682138212,929","12,49","-1096","654,45",
"1682138212,93","11,02","-1097","651,04",
"1682138212,932","9,55","-1098","641,03",
"1682138212,934","8,08","-1099","639,39",
"1682138212,935","6,61","-1100","647,67",
"1682138212,937","5,14","-1101","654,45",
"1682138212,938","3,67","-1102","651,04",
"1682138212,94","2,2","-1103","654,45",
"1682138212,941","0,73","-1104","651,04",
"1682138212,943","-0,73","-1105","642,67",
"1682138212,944","-2,2","-1106","641,03",
"1682138212,946","-3,67","-1107","645,99",
"1682138212,947","-5,14","-1108","654,45",
"1682138212,949","-6,61","-1109","651,04",
"1682138212,95","-8,08","-1110","656,17",
"1682138212,952","-9,55","-1111","651,04",
"1682138212,954","-11,02","-1112","644,33",
"1682138212,955","-12,49","-1113","639,39",
"1682138212,957","-13,96","-1114","647,67",
"1682138212,958","-15,43","-1115","654,45",
"1682138212,96","-16,9","-1116","651,04",
"1682138212,961","-18,37","-1117","656,17",
"1682138212,963","-19,84","-1118","651,04",
"1682138212,964","-21,31","-1119","642,67",
"1682138212,966","-22,78","-1120","639,39",
"1682138212,967","-24,25",,,
"1682138212,968",,"-1121","647,67",
"1682138212,969","-25,71","-1122","654,45",
"1682138212,971","-27,18","-1123","649,35",
"1682138212,972","-28,65","-1124","656,17",
"1682138212,974","-30,12","-1125","651,04",
"1682138212,975","-31,59","-1126","644,33",
"1682138212,977","-33,06","-1127","639,39",
"1682138212,978","-34,53","-1128","647,67",
"1682138212,98","-36","-1129","654,45",
"1682138212,981","-37,47","-1130","651,04",
"1682138212,983","-38,94","-1131","656,17",
"1682138212,984","-40,41","-1132","649,35",
"1682138212,986","-41,88","-1133","644,33",
"1682138212,988","-43,35","-1134","639,39",
"1682138212,989","-44,82","-1135","647,67",
"1682138212,991","-46,29","-1136","654,45",
"1682138212,992","-47,76","-1137","649,35",
"1682138212,994","-49,22","-1138","656,17",
"1682138212,995","-50,69","-1139","649,35",
"1682138212,997","-52,16","-1140","642,67",
"1682138212,998","-53,63","-1141","639,39",
"1682138213","-55,1","-1142","645,99",
"1682138213,001","-56,57","-1143",,
"1682138213,002",,,"652,74",
"1682138213,003","-58,04","-1144","647,67",
"1682138213,005","-59,51","-1145","654,45",
"1682138213,006","-60,98","-1146","649,35",
"1682138213,008","-62,45","-1147","641,03",
"1682138213,009","-63,92","-1148","636,13",
"1682138213,011","-65,39","-1149","647,67",
"1682138213,012","-66,86","-1150","652,74",
"1682138213,014","-68,33","-1151","649,35",
"1682138213,015","-69,8","-1152","654,45",
"1682138213,017","-71,27","-1153","649,35",
"1682138213,018","-72,73","-1154","641,03",
"1682138213,02","-74,2","-1155","637,76",
"1682138213,022","-75,67","-1156","645,99",
"1682138213,023","-77,14","-1157","652,74",
"1682138213,025","-78,61","-1158","647,67",
"1682138213,026","-80,08","-1159","654,45",
"1682138213,028","-81,55","-1160","649,35",
"1682138213,029","-83,02","-1161","642,67",
"1682138213,031","-84,49","-1162","637,76",
"1682138213,032","-85,96","-1163","645,99",
"1682138213,034","-87,43","-1164","652,74",
"1682138213,035","-88,9","-1165","647,67",
"1682138213,037","-90,37","-1166","654,45",
"1682138213,038","-91,84","-1167","649,35",
"1682138213,04","-93,31","-1168","641,03",
"1682138213,042","-94,78","-1169","637,76",
"1682138213,043","-96,25","-1170","645,99",
"1682138213,045","-97,71","-1171","1968,5",
"1682138213,046","-99,18","-1172","649,35",
"1682138213,048","-100,65","-1173","2000",
"1682138213,049","-102,12","-1174","649,35",
"1682138213,051","-103,59","-1175","1879,7",
"1682138213,052","-105,06","-1176","639,39",
"1682138213,054","-106,53","-1177","647,67",
"1682138213,056","-108","-1178","652,74",
"1682138213,057","-109,47","-1179","651,04",
"1682138213,059","-110,94","-1180","654,45",
"1682138213,06","-112,41","-1181","651,04",
"1682138213,062","-113,88","-1182","642,67",
"1682138213,063","-115,35","-1183","641,03",
"1682138213,065","-116,82","-1184","647,67",
"1682138213,066","-118,29","-1185","654,45",
"1682138213,068","-119,76","-1186","649,35",
"1682138213,069","-121,22","-1187","656,17",
"1682138213,071","-122,69","-1188","651,04",
"1682138213,072","-124,16","-1189","642,67",
"1682138213,074","-125,63","-1190","639,39",
"1682138213,076","-127,1","-1191","647,67",
"1682138213,077","-128,57","-1192","654,45",
"1682138213,079","-130,04","-1193","649,35",
"1682138213,081","-131,51","-1194","656,17",
"1682138213,082","-132,98","-1195","651,04",
"1682138213,083","-134,45","-1196","642,67",
"1682138213,085","-135,92","-1197","639,39",
"1682138213,086","-137,39","-1198","649,35",
"1682138213,088","-138,86","-1199","654,45",
"1682138213,089","-140,33","-1200","651,04",
"1682138213,091","-141,8","-1201","656,17",
"1682138213,092","-143,27","-1202","651,04",
"1682138213,094","-144,74","-1203","642,67",
"1682138213,096","-146,2","-1204","641,03",
"1682138213,097","-147,67","-1205","645,99",
"1682138213,099","-149,14","-1206","656,17",
"1682138213,1","-150,61","-1207","649,35",
"1682138213,102","-152,08","-1208","657,89",
"1682138213,103","-153,55","-1209","651,04",
"1682138213,105","-155,02","-1210","642,67",
"1682138213,106","-156,49","-1211","641,03",
"1682138213,108","-157,96","-1212","645,99",
"1682138213,11","-159,43","-1213","654,45",
"1682138213,111","-160,9","-1214","649,35",
"1682138213,113","-162,37","-1215","654,45",
"1682138213,114","-163,84","-1216","651,04",
"1682138213,116","-165,31","-1217","642,67",
"1682138213,117","-166,78","-1218","637,76",
"1682138213,119","-168,25","-1219","647,67",
"1682138213,12","-169,71","-1220","656,17",
"1682138213,122","-171,18","-1221","649,35",
"1682138213,123","-172,65","-1222","657,89",
"1682138213,125","-174,12","-1223","651,04",
"1682138213,126","-175,59","-1224","642,67",
"1682138213,128","-177,06","-1225","641,03",
"1682138213,13","-178,53","-1226","647,67",
"1682138213,131","-180","-1227","656,17",
"1682138213,133","-181,47","-1228","651,04",
"1682138213,134","-182,94","-1229","656,17",
"1682138213,136","-184,41","-1230","651,04",
"1682138213,137","-185,88","-1231","644,33",
"1682138213,139","-187,35","-1232","641,03",
"1682138213,14","-188,82","-1233","647,67",
"1682138213,142","-190,29","-1234","656,17",
"1682138213,143","-191,76","-1235","651,04",
"1682138213,145","-193,22","-1236","656,17",
"1682138213,146","-194,69","-1237","651,04",
"1682138213,148","-196,16","-1238","644,33",
"1682138213,15","-197,63","-1239","639,39",
"1682138213,151","-199,1","-1240","649,35",
"1682138213,153","-200,57","-1241","654,45",
"1682138213,154","-202,04","-1242","651,04",
"1682138213,156","-203,51","-1243","656,17",
"1682138213,157","-204,98","-1244","651,04",
"1682138213,159","-206,45","-1245","644,33",
"1682138213,16","-207,92","-1246","641,03",
"1682138213,162","-209,39","-1247","649,35",
